thresholds,accuracy,f1score
0.0,0.9934640522875817,0.9934640522875817
2.0,0.5,0.5
1.0,0.5,0.5
